gl
es
en
gl
es
en
UDC
Polytechnic School of Engineering of Ferrol Polytechnic School of Engineering of Ferrol Escola Organización académica TFE Graos Másteres Estudantes Mobilidade Prácticas Calidade
Polytechnic School of Engineering of Ferrol
Escola
Organización académica
TFE
Graos
Másteres
Estudantes
Mobilidade
Prácticas
Calidade
Escola Escola Equipo directivo Profesorado Servizos Infraestruturas Cátedras
Escola
Equipo directivo
Profesorado
Servizos
Infraestruturas
Cátedras
Escola
>>
Equipo directivo
Profesorado
Servizos
Infraestruturas
Cátedras
Teachers
Administrative Law
Analytical Chemistry
Applied Economics
Applied Mathematics
Applied Physics
Architectural Graphics
Audiovisual Communication and Advertising
Automated Systems Engineering
Building Construction
Building Process Engineering
Business Organisation
Cartographic Engineering, Geodesics and Photogrammetry
Chemical Engineering
Civil Law
Computational Science and Artificial Intelligence
Computer Architecture and Technology
Construction Engineering
Electrical Engineering
Electronic Technology
Engineering Graphics
Engineering Projects
Finance Economics and Accounting
Fluid Mechanics
Heat Engine Mechanics
Market Research and Commercialisation
Materials Science and Metallurgical Engineering
Mechanical Engineering
Naval Construction
Nuclear Engineering
Physical Medicine and Radiology
Statistics and Operational Research
Escola
>>
Equipo directivo
Profesorado
Servizos
Infraestruturas
Cátedras
Universidade da Coruña
Location
Telephones
Suggestions
Contact with citizens
Sitemap
Legal notice
Campus Industrial
Transparency
Corporate identity
Office for Gender Equality
Contractor profile
Students virtual secretary
News site
Internal channel of information
University Library
Instagram
YouTube
Linkedin
Calendarios
App Store
Google Play
RSS
Name | Category | Dedication | 
Pernas García, Juan José | TIT-UN | TC | Doctor
Sanz Larruga, Francisco Javier | CAT-UN | TC | Doctor
Sobrino García, Itziar | PR-PX-XUF | B100 | Doctor
Name | Category | Dedication | 
Alonso Rodríguez, Elia | CAT-EU | TC | Doctor
Carlosena Zubieta, Alatzne | CAT-UN | TC | Doctor
Del Castillo Busto, María Estela | P-SUS-LOSU | P6 | Doctor
González Soto, Elena | CAT-EU | TC | Doctor
Sánchez Piñero, Joel | PR-PX | B100 | Doctor
Terán Baamonde, Javier | PR-PX | B100 | Doctor
Name | Category | Dedication | 
Alonso Fernández, Pablo | P-SUS-LOSU | P6 | Doctor
Iglesias Gómez, Guillermo | TIT-UN | TC | Doctor
Name | Category | Dedication | 
Antón Nacimiento, José Augusto | INT-SU | TC | Doctor
Baamonde Seoane, María de los Angeles | P-SUS-LOSU | P6 | Doctor
Brozos Vázquez, Miguel | TIT-UN | TC | Doctor
Campo Cabana, Marco Antonio | TIT-UN | TC | Doctor
Cardenal Carro, Jesús | TIT-UN | TC | Doctor
Deibe Díaz, Álvaro | TIT-UN | TC | Doctor
Díaz Díaz, Ana María | PC-DR | TC | Doctor
García Rábade, Héctor | P-SUS-LOSU | P6 | Doctor
González Taboada, María | TIT-UN | TC | Doctor
Lesta Conchado, Agustín | P-SUS-LOSU | P6 | 
Méndez Vázquez, Santiago | P-SUS-LOSU | P6 | Doctor
Orjales Saavedra, Félix | AXU-DR-LOSU | TC | Doctor
Varela Rodríguez, Hiram | P-SUS-LOSU | P6 | Doctor
Name | Category | Dedication | 
Abad López, María José | CAT-UN | TC | Doctor
Ares Pernas, Ana Isabel | TIT-UN | TC | Doctor
Bouza Padín, Rebeca | TIT-UN | TC | Doctor
López Lago, Joaquín Cayetano | CAT-UN | TC | Doctor
Montero Rodríguez, María Belén | TIT-UN | TC | Doctor
Rico Varela, Maite | TIT-UN | TC | Doctor
Ruiz Veiga, Manuel | P-SUS-LOSU | P6 | Doctor
Name | Category | Dedication | 
López Chao, Vicente Adrián | AXU-DR-LOSU | TC | Doctor
Name | Category | Dedication | 
Carpe Pérez, Inmaculada Concepción | P-SUS-LOSU | P6 | Doctor
Oliveros Mediavilla, Miguel | P-SUS-LOSU | P6 | Doctor
Name | Category | Dedication | 
Arcano Bea, Paula Patricia | PC-PD | B60 | 
Calvo Rolle, José Luis | CAT-UN | TC | Doctor
Casteleiro Roca, José Luis | TIT-UN | TC | Doctor
Díaz Labrador, Anabel | PC-PD | B30 | 
Díaz Longueira, Antonio Javier | PC-PD | B60 | 
Gómez Castro, Yago | P-SUS-LOSU | P6 | 
González Filgueira, Gerardo | PC-DR | TC | Doctor
Jove Pérez, Esteban | AXU-DR | TC | Doctor
Leira Rejas, Alberto José | TIT-EU DR | TC | Doctor
Meizoso López, María Carmen | TIT-UN | TC | Doctor
Michelena Grandío, Álvaro | AXU-DR-LOSU | TC | Doctor
Pérez Castelo, Francisco Javier | TIT-UN | TC | Doctor
Piñón Pazos, Andrés José | TIT-UN | TC | Doctor
Prieto Guerreiro, Francisco | TIT-EU | TC | 
Quintián Pardo, Héctor | TIT-UN | TC | Doctor
Rodríguez Gómez, Benigno Antonio | TIT-UN | TC | Doctor
Timiraos Díaz, Míriam | PC-PD | B60 | 
Vega Vega, Rafael Alejandro | TIT-UN | TC | Doctor
Velo Sabín, José María | ASOC-3 | P6 | 
Zayas Gato, Francisco | AXU-DR-LOSU | TC | Doctor
Name | Category | Dedication | 
García Carrillo, Pablo Daniel | AXU-DR-LOSU | TC | Doctor
Pintos Pena, Santiago | INT-SU | TC | 
Redondo Porto, Alberto | ASOC-3 | P6 | 
Name | Category | Dedication | 
Couce Casanova, Antonio | PPL-LOSU | TC | Doctor
Name | Category | Dedication | 
Crespo Pereira, Diego | PC-DR | TC | Doctor
Domínguez Feijoo, Gerardo | INT-SU | TC | 
Gago Cortés, María Carmen | AXU-DR | TC | Doctor
González Casal, Alejandro | P-SUS-LOSU | P6 | 
Lamas Rodríguez, Adolfo | ASOC-3 | P6 | Doctor
Merelas Ares, Maria | P-SUS-LOSU | P6 | 
Pernas Álvarez, Javier | AXU-DR-LOSU | TC | Doctor
Ríos Prado, Rosa | PC-DR | TC | Doctor
Santos Mejía, César | P-SUS-LOSU | P6 | 
Name | Category | Dedication | 
Álvarez Mures, Luis Omar | INT-SU | TC | 
Dopazo García, Abrahan | ASOC-3 | P4 | 
Fariña Lamosa, Ángel José | INT-SU | TC | 
Lago López, Jesse Anthony | P-SUS-LOSU | P6 | 
Lourido Rivas, Marcos | P-SUS-LOSU | P6 | 
Meira Rodríguez, Pedro | P-SUS-LOSU | P6 | Doctor
Rodríguez López, Raquel | ASOC-3 | P4 | 
Rogel Pernas, David | P-SUS-LOSU | P6 | 
Seoane Nolasco, Antonio José | INT-SU | TC | 
Name | Category | Dedication | 
Filgueira Vizoso, Almudena | TIT-UN | TC | Doctor
Ligero Martínez Risco, Pablo | TIT-UN | TC | Doctor
Rodríguez Guerreiro, María Jesús | PPL-LOSU | TC | Doctor
Ruíz Bolaños, Isabel | PC-DR | TC | Doctor
Name | Category | Dedication | 
Pérez Dios, Carmen | P-SUS-LOSU | P6 | Doctor
Name | Category | Dedication | 
Becerra Permuy, José Antonio | TIT-UN | TC | Doctor
Bellas Bouza, Francisco Javier | CAT-UN | TC | Doctor
Castro Pena, María Luz | AXU-DR | TC | Doctor
Dorado De La Calle, Julián Alfonso | CAT-UN | TC | Doctor
Duro Fernández, Richard José | CAT-UN | TC | Doctor
Fontenla Romero, Óscar | CAT-UN | TC | Doctor
Guerreiro Santalla, Sara | P-SUS-LOSU | P6 | Doctor
Iglesias Guitián, José Antonio | PPL-LOSU | TC | Doctor
Mallo Casdelo, Alma María | ASOC-3 | P6 | 
Paz López, Alejandro | PPL-LOSU | TC | Doctor
Paz Ruza, Jorge | P-SUS-LOSU | P6 | 
Pérez Sánchez, Beatriz | TIT-UN | TC | Doctor
Rodríguez Fernández, Nereida | AXU-DR-LOSU | TC | Doctor
Rodríguez Tajes, Álvaro | TIT-UN | TC | Doctor
Romero Montero, Alejandro | AXU-DR-LOSU | TC | Doctor
Sánchez Maroño, María Noelia | TIT-UN | TC | Doctor
Torrente Patiño, Álvaro | AXU-DR-LOSU | TC | Doctor
Villanueva Sampayo, Matías Abelardo | ASOC-3 | P4 | Doctor
Name | Category | Dedication | 
Amor López, Margarita | CAT-UN | TC | Doctor
Andrade Canosa, Diego | TIT-UN | TC | Doctor
Fraguela Rodríguez, Basilio Bernardo | CAT-UN | TC | Doctor
Padrón González, Emilio José | PC-DR | TC | Doctor
Sanjurjo Amado, José Rodrigo | TIT-UN | TC | Doctor
Vázquez Regueiro, Carlos | TIT-UN | TC | Doctor
Name | Category | Dedication | 
De la Cruz López, María del Pilar | TIT-UN | TC | Doctor
Del Caño Gochi, Alfredo | CAT-UN | TC | Doctor
Mel Fraga, José | ASOC-3 | P4 | Doctor
Name | Category | Dedication | 
Fernández Cabo, Víctor | ASOC-3 | P4 | 
Graña López, Manuel Ángel | TIT-UN | TC | Doctor
Masdías Bonome, Antonio Enrique | TIT-UN | TC | Doctor
Méndez Sanmartín, Cristian | ASOC-3 | P4 | 
Seijas Patiño, Fernando | P-SUS-LOSU | P6 | 
Tuimil Parapar, Roberto | ASOC-3 | P4 | 
Vázquez Rodríguez, Santiago Julio | TIT-UN | TC | Doctor
Vidal Bralo, Alejandro | P-SUS-LOSU | P6 | 
Name | Category | Dedication | 
Fernández Caramés, Tiago Manuel | TIT-UN | TC | Doctor
Fraga Lamas, Paula | AXU-DR-LOSU | TC | Doctor
Niebla Montero, Ángel | P-SUS-LOSU | P6 | 
Name | Category | Dedication | 
Arce Fariña, María Elena | TIT-UN | TC | Doctor
Fernández Ibáñez, María Isabel | TIT-UN | TC | Doctor
López Vázquez, José Antonio | TIT-UN | TC | Doctor
Prado Acebo, Cristina | AXU-DR-LOSU | TC | Doctor
Rodríguez García, Juan de Dios | PC-DR | TC | Doctor
Name | Category | Dedication | 
Fernández Galdo, Pablo José | ASOC-3 | P6 | 
Name | Category | Dedication | 
De Llano Paz, Fernando | TIT-UN | TC | Doctor
Name | Category | Dedication | 
Barreiro Villaverde, David | P-SUS-LOSU | P6 | Doctor
Gosset, Anne Marie Elisabeth | TIT-UN | TC | Doctor
Lema Rodríguez, Marcos | PC-DR | TC | Doctor
Prieto García, Abraham | PC-DR | TC | Doctor
Rodríguez Álvarez, Leandro Alejo | PC-PD | B60 | 
Name | Category | Dedication | 
Arce Ceinos, Alberto | TIT-UN | TC | Doctor
Cartelle Barros, Juan José | AXU-DR-LOSU | TC | Doctor
Elrhoul, Doha | PC-PD | B60 | 
Fraguela Díaz, Feliciano | AXU-DR | TC | Doctor
Lamas Galdo, María Isabel | TIT-UN | TC | Doctor
Ortega Sarceda, María Ana | PC-PD | B60 | 
Name | Category | Dedication | 
Blázquez Lozano, Félix Sergio | PC-DR | TC | Doctor
Calvo Dopico, Domingo Javier | TIT-UN | TC | Doctor
Cortés Cuns, Manuel | ASOC-3 | P4 | Doctor
Crespo Pereira, Verónica | AXU-DR | TC | Doctor
Escourido Calvo, Manuel | AXU-DR-LOSU | TC | Doctor
Soage Quintáns, Manuel Andrés | AXU-DR-LOSU | TC | Doctor
Name | Category | Dedication | 
Artiaga Díaz, Ramón Pedro | CAT-UN | TC | Doctor
Camba Fabal, Carolina | PC-DR | TC | Doctor
García Diez, Ana Isabel | TIT-UN | TC | Doctor
Lamas Vigo, Javier | ASOC-3 | P4 | Doctor
López Beceiro, Jorge José | TIT-UN | TC | Doctor
Mier Buenhombre, José Luís | TIT-UN | TC | Doctor
Pereira Rodríguez, Mercedes | PC-PD | B60 | 
Name | Category | Dedication | 
Amado Paz, José Manuel | TIT-UN | TC | Doctor
Aourdou, Ali | PC-PD | B60 | 
Beron, Santiago | PC-PD | B60 | 
Cuadrado Aranda, Francisco Javier | CAT-UN | TC | Doctor
Dopico Dopico, Daniel | TIT-UN | TC | Doctor
García Marquínez, Garazi | PC-PD | B60 | 
González Castro, Manuel Jesús | TIT-UN | TC | Doctor
González Varela, Francisco Javier | TIT-UN | TC | Doctor
Gutiérrez Fernández, Ruth | TIT-UN | TC | Doctor
Leira González, Juan | ASOC-3 | P4 | 
López Díaz, Ana Jesús | TIT-UN | TC | Doctor
López López, Manuel | TIT-UN | TC | Doctor
Loureiro Montero, Alfonso | TIT-UN | TC | Doctor
Luaces Fernández, Alberto | PC-DR | TC | Doctor
Lugrís Armesto, Urbano | TIT-UN | TC | Doctor
Mateo Orenes, María Paz | TIT-UN | TC | Doctor
Moreno Madariaga, Alicia | PC-DR | TC | Doctor
Naya Villaverde, Miguel Ángel | TIT-UN | TC | Doctor
Nicolás Costa, Ginés | CAT-UN | TC | Doctor
Pérez Costa, Ánxela | PC-PD | B60 | 
Ramil Rego, Alberto | CAT-UN | TC | Doctor
Reinosa Prado, José Manuel | TIT-UN | TC | Doctor
Saavedra Otero, Emilio | PC-DR | TC | Doctor
Sanjurjo Maroño, Emilio | AXU-DR | TC | Doctor
Tobar Vidal, María José | TIT-UN | TC | Doctor
Yáñez Casal, Armando José | CAT-UN | TC | Doctor
Name | Category | Dedication | 
Álvarez García, Ana | PC-DR | TC | Doctor
Bellón Miño, Ana Belen | P-SUS-LOSU | P6 | Doctor
Bouza Fernández, Javier | TIT-UN | TC | Doctor
Bouza Fernández, María Sonia | TIT-UN | TC | Doctor
Carral Couce, Luis Manuel | CAT-UN | TC | Doctor
Castro Santos, Laura | TIT-UN | TC | Doctor
Díaz Casás, Vicente | TIT-UN | TC | Doctor
Ezzannouny Hakam, Jaouad | ASOC-3 | P4 | 
Fariñas Alvariño, Pablo | TIT-UN | TC | Doctor
Fernández Ballesteros, María Dolores | ASOC-3 | P4 | 
Fernández Feal, María Mercedes Coro | CAT-EU | TC | Doctor
Fernández Rodríguez, Ángel | ASOC-3 | P6 | Doctor
Ferreño González, Sara | AXU-DR-LOSU | TC | Doctor
Lago Rodríguez, Fernando | ASOC-3 | P6 | 
Méndez Díaz, Abel | ASOC-3 | P3 | 
Míguez González, Marcos | TIT-UN | TC | Doctor
Munín Doce, Alicia | AXU-DR-LOSU | TC | Doctor
Pena Ramos, Francisco | ASOC-3 | P4 | 
Puente Varela, Basilio | ASOC-3 | P4 | 
Rodríguez Arias, Raúl | ASOC-3 | P4 | 
Rodríguez Vidal, Carlos Gervasio | AXU-DR-LOSU | TC | Doctor
Santiago Caamaño, Lucía | AXU-DR | TC | Doctor
Villa Caro, Raúl | ASOC-3 | P6 | Doctor
Name | Category | Dedication | 
Zaragoza Fernández, María Sonia | PC-DR | TC | Doctor
Name | Category | Dedication | 
Pereira Loureiro, Javier | TIT-UN | TC | Doctor
Name | Category | Dedication | 
López De Ullibarri Galparsoro, Ignacio | PC-DR | TC | Doctor
Naya Fernández, Salvador | CAT-UN | TC | Doctor
Tarrío Saavedra, Javier | TIT-UN | TC | Doctor